{
  "loss": [
    0.1832731068134308,
    0.15628664195537567,
    0.132439985871315,
    0.11253137141466141,
    0.09622003883123398
  ],
  "mae": [
    0.4141009747982025,
    0.3827083706855774,
    0.35258063673973083,
    0.32514747977256775,
    0.30062103271484375
  ],
  "mse": [
    0.1832731068134308,
    0.15628664195537567,
    0.132439985871315,
    0.11253137141466141,
    0.09622003883123398
  ],
  "r2_metric": [
    -2.536115884780884,
    -2.015261650085449,
    -1.5549367666244507,
    -1.1706253290176392,
    -0.8557478189468384
  ],
  "rmse_metric": [
    0.4280075132846832,
    0.395220011472702,
    0.36382028460502625,
    0.33536532521247864,
    0.3101121783256531
  ],
  "val_loss": [
    0.16322150826454163,
    0.13922905921936035,
    0.11905725300312042,
    0.10254889726638794,
    0.08922122418880463
  ],
  "val_mae": [
    0.3884151577949524,
    0.35928353667259216,
    0.3325459063053131,
    0.3086141347885132,
    0.28745293617248535
  ],
  "val_mse": [
    0.16322150826454163,
    0.13922905921936035,
    0.11905725300312042,
    0.10254889726638794,
    0.08922122418880463
  ],
  "val_r2_metric": [
    -2.13615345954895,
    -1.6749954223632812,
    -1.2872581481933594,
    -0.9699241518974304,
    -0.7137179374694824
  ],
  "val_rmse_metric": [
    0.4040001630783081,
    0.3731282949447632,
    0.34504175186157227,
    0.3202281892299652,
    0.2986951470375061
  ],
  "learning_rate": [
    0.0004189999890513718,
    0.0004189999890513718,
    0.0004189999890513718,
    0.0004189999890513718,
    0.0004189999890513718
  ]
}