{
  "loss": 0.05861060321331024,
  "compile_metrics": 0.1723591536283493
}