{
  "loss": [
    0.06534892320632935,
    0.05326490476727486,
    0.052135031670331955,
    0.05142254754900932,
    0.051258355379104614
  ],
  "mae": [
    0.16384556889533997,
    0.15395846962928772,
    0.15438684821128845,
    0.1525488942861557,
    0.1494041383266449
  ],
  "r2_score": [
    -0.28579163551330566,
    -0.023934587836265564,
    0.05246201157569885,
    0.12126470357179642,
    0.10567119717597961
  ],
  "rmse": [
    0.25236833095550537,
    0.2307843267917633,
    0.2219906449317932,
    0.21376489102840424,
    0.21568524837493896
  ],
  "val_loss": [
    0.05403511971235275,
    0.052967578172683716,
    0.05197662115097046,
    0.051676586270332336,
    0.051229510456323624
  ],
  "val_mae": [
    0.15692782402038574,
    0.15641233325004578,
    0.15284386277198792,
    0.14791716635227203,
    0.16079474985599518
  ],
  "val_r2_score": [
    -0.05247333645820618,
    0.0038672685623168945,
    0.11159771680831909,
    0.11093142628669739,
    0.12043194472789764
  ],
  "val_rmse": [
    0.23426730930805206,
    0.22791463136672974,
    0.21524305641651154,
    0.21532627940177917,
    0.21416421234607697
  ],
  "learning_rate": [
    0.0004189999890513718,
    0.0004189999890513718,
    0.0004189999890513718,
    0.0004189999890513718,
    0.0004189999890513718
  ]
}