{
  "loss": [
    0.15076111257076263,
    0.07052811235189438,
    0.03956638276576996,
    0.02880929596722126,
    0.02439911663532257,
    0.022086992859840393,
    0.02073579840362072,
    0.01992461271584034,
    0.019363587722182274,
    0.018903447315096855,
    0.018526241183280945,
    0.018325449898838997,
    0.018141930922865868,
    0.018075929954648018,
    0.017908558249473572,
    0.017742419615387917,
    0.017705727368593216,
    0.017677072435617447,
    0.017620062455534935
  ],
  "mae": [
    0.37406444549560547,
    0.25467944145202637,
    0.18537044525146484,
    0.15028639137744904,
    0.13088960945606232,
    0.11840961128473282,
    0.10952694714069366,
    0.10295435786247253,
    0.0978589653968811,
    0.0936337485909462,
    0.09017042815685272,
    0.08739089220762253,
    0.08487687259912491,
    0.0828632116317749,
    0.08108115196228027,
    0.07961287349462509,
    0.07891026884317398,
    0.07819883525371552,
    0.0776485800743103
  ],
  "mse": [
    0.15076111257076263,
    0.07052811235189438,
    0.03956638276576996,
    0.02880929596722126,
    0.02439911663532257,
    0.022086992859840393,
    0.02073579840362072,
    0.01992461271584034,
    0.019363587722182274,
    0.018903447315096855,
    0.018526241183280945,
    0.018325449898838997,
    0.018141930922865868,
    0.018075929954648018,
    0.017908558249473572,
    0.017742419615387917,
    0.017705727368593216,
    0.017677072435617447,
    0.017620062455534935
  ],
  "r2_metric": [
    -1.914566993713379,
    -0.356212854385376,
    0.23707881569862366,
    0.4453568160533905,
    0.5312016606330872,
    0.5757322907447815,
    0.6018181443214417,
    0.6176068186759949,
    0.6284786462783813,
    0.6371958255767822,
    0.6442392468452454,
    0.6486051678657532,
    0.6521713137626648,
    0.6530851125717163,
    0.6563310027122498,
    0.659685492515564,
    0.6603567600250244,
    0.6609782576560974,
    0.6620151996612549
  ],
  "rmse_metric": [
    0.3863450288772583,
    0.26392582058906555,
    0.19837979972362518,
    0.16937853395938873,
    0.15566788613796234,
    0.14797639846801758,
    0.14328017830848694,
    0.14034000039100647,
    0.138264462351799,
    0.1365586221218109,
    0.13522163033485413,
    0.13446001708507538,
    0.13367892801761627,
    0.1333409547805786,
    0.1328262835741043,
    0.13215437531471252,
    0.13202382624149323,
    0.13189218938350677,
    0.13168036937713623
  ],
  "val_loss": [
    0.09903281182050705,
    0.05318645387887955,
    0.039960384368896484,
    0.03486688435077667,
    0.03309689089655876,
    0.031584858894348145,
    0.030793456360697746,
    0.031192263588309288,
    0.030006838962435722,
    0.030909167602658272,
    0.030241843312978745,
    0.02966483309864998,
    0.029841681942343712,
    0.030696099624037743,
    0.029985448345541954,
    0.029928116127848625,
    0.03013688325881958,
    0.029917247593402863,
    0.03012046217918396
  ],
  "val_mae": [
    0.30293095111846924,
    0.21544307470321655,
    0.17425984144210815,
    0.151921808719635,
    0.13926364481449127,
    0.12966647744178772,
    0.12273777276277542,
    0.1189107596874237,
    0.11348599940538406,
    0.11179645359516144,
    0.10832881182432175,
    0.10517099499702454,
    0.10360098630189896,
    0.10315076261758804,
    0.10069330036640167,
    0.09991266578435898,
    0.09964176267385483,
    0.0986664816737175,
    0.0986998975276947
  ],
  "val_mse": [
    0.09903281182050705,
    0.05318645387887955,
    0.039960384368896484,
    0.03486688435077667,
    0.03309689089655876,
    0.031584858894348145,
    0.030793456360697746,
    0.031192263588309288,
    0.030006838962435722,
    0.030909167602658272,
    0.030241843312978745,
    0.02966483309864998,
    0.029841681942343712,
    0.030696099624037743,
    0.029985448345541954,
    0.029928116127848625,
    0.03013688325881958,
    0.029917247593402863,
    0.03012046217918396
  ],
  "val_r2_metric": [
    -0.9023537635803223,
    -0.02087092399597168,
    0.23353049159049988,
    0.3315522074699402,
    0.3656321167945862,
    0.3947654366493225,
    0.4100072383880615,
    0.40235695242881775,
    0.42519688606262207,
    0.40782731771469116,
    0.4206990897655487,
    0.43181177973747253,
    0.4284263849258423,
    0.4119696021080017,
    0.425671249628067,
    0.42677539587020874,
    0.42275846004486084,
    0.42698436975479126,
    0.4230729937553406
  ],
  "val_rmse_metric": [
    0.31469008326530457,
    0.23060986399650574,
    0.19986586272716522,
    0.18666678667068481,
    0.1818515956401825,
    0.17762938141822815,
    0.17537766695022583,
    0.1765117198228836,
    0.17310446500778198,
    0.17570149898529053,
    0.1737799346446991,
    0.17210328578948975,
    0.1726139783859253,
    0.17508414387702942,
    0.17303042113780975,
    0.17286348342895508,
    0.17346888780593872,
    0.1728312373161316,
    0.17342108488082886
  ],
  "learning_rate": [
    0.0010000000474974513,
    0.0010000000474974513,
    0.0010000000474974513,
    0.0010000000474974513,
    0.0010000000474974513,
    0.0010000000474974513,
    0.0010000000474974513,
    0.0010000000474974513,
    0.0010000000474974513,
    0.0010000000474974513,
    0.0010000000474974513,
    0.0010000000474974513,
    0.0010000000474974513,
    0.0010000000474974513,
    0.0010000000474974513,
    0.0005000000237487257,
    0.0005000000237487257,
    0.0005000000237487257,
    0.0002500000118743628
  ]
}