{
  "loss": 0.06016471982002258,
  "compile_metrics": 0.1782129853963852
}