{
  "loss": [
    0.20475026965141296,
    0.1521928459405899,
    0.09776958078145981,
    0.06506835669279099,
    0.05668499320745468
  ],
  "mae": [
    0.41199782490730286,
    0.3614262640476227,
    0.2793447971343994,
    0.20148912072181702,
    0.1626158207654953
  ],
  "r2_score": [
    -2.782435417175293,
    -1.8273125886917114,
    -0.7834542393684387,
    -0.14898553490638733,
    0.003987457603216171
  ],
  "rmse": [
    0.44227486848831177,
    0.3820687234401703,
    0.3035273253917694,
    0.2442791908979416,
    0.22758224606513977
  ],
  "val_loss": [
    0.15692676603794098,
    0.10771633684635162,
    0.06341870129108429,
    0.05267518013715744,
    0.05278099700808525
  ],
  "val_mae": [
    0.37703368067741394,
    0.31293874979019165,
    0.22352327406406403,
    0.16718150675296783,
    0.14659243822097778
  ],
  "val_r2_score": [
    -1.8824076652526855,
    -0.9758646488189697,
    -0.1538914442062378,
    0.042437389492988586,
    0.05478030443191528
  ],
  "val_rmse": [
    0.3873153626918793,
    0.3207312226295471,
    0.2452157437801361,
    0.22345417737960815,
    0.22202128171920776
  ],
  "learning_rate": [
    0.0010000000474974513,
    0.0010000000474974513,
    0.0010000000474974513,
    0.0010000000474974513,
    0.0010000000474974513
  ]
}